Middle Right;2010390;LT800;6.8
Middle Right;2010390;LT800;6.10
Middle Right;2010390;LT800;8.8
Middle Right;2010390;LT800;6.9
Middle Right;2010390;LT800;8.6
Middle Right;2010390;LT800;6.1
Middle Right;2010390;LT800;6.14
Middle Right;2010390;LT800;8.3
Middle Right;2010390;LT800;8.12
Middle Right;2010390;LT800;6.6
Middle Right;2010390;LT800;6.3
Middle Right;2010390;LT800;8.1
Middle Right;2010390;LT800;8.7
Middle Right;2010390;LT800;6.7
Middle Right;2010390;LT800;8.5
Middle Right;2010390;LT800;8.11
Middle Right;2010390;LT800;8.9
Middle Right;2010390;LT800;8.10
Middle Right;2010390;LT800;6.12
Middle Right;2010390;LT800;6.11
Middle Right;2010390;LT800;6.13
Middle Right;2010390;LT800;8.2
Middle Right;2010390;LT800;6.2
Middle Right;2010390;LT800;8.4
Middle Right;2010390;LT800;6.5
Middle Right;2010390;LT800;6.4
Middle Right;2010390;LT1200;4.6
Middle Right;2010390;LT1200;3.6
Middle Right;2010390;LT1200;9.4
Middle Right;2010390;LT1200;9.2
Middle Right;2010390;LT1200;5.4
Middle Right;2010390;LT1200;3.9
Middle Right;2010390;LT1200;4.1
Middle Right;2010390;LT1200;3.3
Middle Right;2010390;LT1200;5.3
Middle Right;2010390;LT1200;4.3
Middle Right;2010390;LT1200;9.6
Middle Right;2010390;LT1200;10.3
Middle Right;2010390;LT1200;9.7
Middle Right;2010390;LT1200;10.11
Middle Right;2010390;LT1200;10.10
Middle Right;2010390;LT1200;3.12
Middle Right;2010390;LT1200;3.1
Middle Right;2010390;LT1200;10.1
Middle Right;2010390;LT1200;10.7
Middle Right;2010390;LT1200;10.8
Middle Right;2010390;LT1200;10.9
Middle Right;2010390;LT1200;4.10
Middle Right;2010390;LT1200;3.11
Middle Right;2010390;LT1200;5.1
Middle Right;2010390;LT1200;3.13
Middle Right;2010390;LT1200;4.9
Middle Right;2010390;LT1200;10.2
Middle Right;2010390;LT1200;3.10
Middle Right;2010390;LT1200;3.8
Middle Right;2010390;LT1200;9.3
Middle Right;2010390;LT1200;4.4
Middle Right;2010390;LT1200;4.8
Middle Right;2010390;LT1200;5.2
Middle Right;2010390;LT1200;3.4
Middle Right;2010390;LT1200;10.6
Middle Right;2010390;LT1200;3.7
Middle Right;2010390;LT1200;10.5
Middle Right;2010390;LT1200;4.7
Middle Right;2010390;LT1200;3.2
Middle Right;2010390;LT1200;3.5
Middle Right;2010390;LT1200;4.2
Middle Right;2010390;LT1200;10.4
Middle Right;2010390;LT1200;4.5
Middle Right;2010390;LT1200;9.1
Middle Right;2010390;LT1200;9.5
Middle Right;2010390;Carbisio;1.10
Middle Right;2010390;Carbisio;1.13
Middle Right;2010390;Carbisio;1.14
Middle Right;2010390;Carbisio;1.14
Middle Right;2010390;Carbisio;1.15
Middle Right;2010390;Carbisio;1.10
Middle Right;2010390;Carbisio;1.12
Middle Right;2010390;Carbisio;1.12
Middle Right;2010390;Carbisio;1.11
Middle Right;2010390;Carbisio;1.13
Middle Right;2010390;Carbisio;1.11
Middle Right;2010390;Carbisio;1.15
Middle Right;2010390;Carbisio;1.3
Middle Right;2010390;Carbisio;1.4
Middle Right;2010390;Carbisio;1.4
Middle Right;2010390;Carbisio;1.1
Middle Right;2010390;Carbisio;1.1
Middle Right;2010390;Carbisio;1.3
Middle Right;2010390;Carbisio;1.7
Middle Right;2010390;Carbisio;1.7
Middle Right;2010390;Carbisio;1.8
Middle Right;2010390;Carbisio;1.8
Middle Right;2010390;Carbisio;1.2
Middle Right;2010390;Carbisio;1.2
Middle Right;2010390;LT600;11.6
Middle Right;2010390;LT600;11.15
Middle Right;2010390;LT600;11.3
Middle Right;2010390;LT600;2.2
Middle Right;2010390;LT600;11.16
Middle Right;2010390;LT600;11.1
Middle Right;2010390;LT600;2.3
Middle Right;2010390;LT600;2.7
Middle Right;2010390;LT600;2.1
Middle Right;2010390;LT600;2.9
Middle Right;2010390;LT600;11.4
Middle Right;2010390;LT600;2.4
Middle Right;2010390;LT600;11.13
Middle Right;2010390;LT600;11.12
Middle Right;2010390;LT600;2.13
Middle Right;2010390;LT600;2.12
Middle Right;2010390;LT600;2.11
Middle Right;2010390;LT600;11.11
Middle Right;2010390;LT600;11.14
Middle Right;2010390;LT600;11.17
Middle Right;2010390;LT600;2.5
Middle Right;2010390;LT600;2.14
Middle Right;2010390;LT600;2.16
Middle Right;2010390;LT600;11.7
Middle Right;2010390;LT600;11.8
Middle Right;2010390;LT600;2.8
Middle Right;2010390;LT600;2.15
Middle Right;2010390;LT600;2.6
Middle Right;2010390;LT600;2.17
Middle Right;2010390;LT600;11.9
Middle Right;2010390;LT600;11.5
Middle Right;2010390;LT600;11.2
Middle Right;2010390;LT600;2.10
Middle Right;2010390;LT600;11.10