Ring For The Escape Hatch;2010387;LT600;8.1
Ring For The Escape Hatch;2010387;LT600;8.3
Ring For The Escape Hatch;2010387;LT600;1.3
Ring For The Escape Hatch;2010387;LT600;1.1
Ring For The Escape Hatch;2010387;LT600;1.5
Ring For The Escape Hatch;2010387;LT600;8.5
Ring For The Escape Hatch;2010387;LT600;1.2
Ring For The Escape Hatch;2010387;LT600;8.4
Ring For The Escape Hatch;2010387;LT600;1.4
Ring For The Escape Hatch;2010387;LT600;8.2
Ring For The Escape Hatch;2010387;LT1200;7.1
Ring For The Escape Hatch;2010387;LT1200;2.3
Ring For The Escape Hatch;2010387;LT1200;7.1
Ring For The Escape Hatch;2010387;LT1200;2.3
Ring For The Escape Hatch;2010387;LT1200;2.1
Ring For The Escape Hatch;2010387;LT1200;2.2
Ring For The Escape Hatch;2010387;LT1200;7.2
Ring For The Escape Hatch;2010387;LT1200;7.2
Ring For The Escape Hatch;2010387;LT1200;2.5
Ring For The Escape Hatch;2010387;LT1200;2.5
Ring For The Escape Hatch;2010387;LT1200;2.4
Ring For The Escape Hatch;2010387;LT1200;7.4
Ring For The Escape Hatch;2010387;LT1200;7.4
Ring For The Escape Hatch;2010387;LT1200;2.4
Ring For The Escape Hatch;2010387;LT1200;2.2
Ring For The Escape Hatch;2010387;LT1200;2.1
Ring For The Escape Hatch;2010387;LT1200;7.5
Ring For The Escape Hatch;2010387;LT1200;7.5
Ring For The Escape Hatch;2010387;LT800;6.3
Ring For The Escape Hatch;2010387;LT800;6.3
Ring For The Escape Hatch;2010387;LT800;6.1
Ring For The Escape Hatch;2010387;LT800;3.2
Ring For The Escape Hatch;2010387;LT800;3.4
Ring For The Escape Hatch;2010387;LT800;6.4
Ring For The Escape Hatch;2010387;LT800;6.4
Ring For The Escape Hatch;2010387;LT800;3.2
Ring For The Escape Hatch;2010387;LT800;3.4
Ring For The Escape Hatch;2010387;LT800;6.5
Ring For The Escape Hatch;2010387;LT800;3.5
Ring For The Escape Hatch;2010387;LT800;3.5
Ring For The Escape Hatch;2010387;LT800;6.5
Ring For The Escape Hatch;2010387;LT800;6.1
Ring For The Escape Hatch;2010387;LT800;3.1
Ring For The Escape Hatch;2010387;LT800;6.2
Ring For The Escape Hatch;2010387;LT800;6.2
Ring For The Escape Hatch;2010387;LT800;3.1
Ring For The Escape Hatch;2010387;UD1200;8.1
Ring For The Escape Hatch;2010387;UD1200;8.3
Ring For The Escape Hatch;2010387;UD1200;1.3
Ring For The Escape Hatch;2010387;UD1200;1.1
Ring For The Escape Hatch;2010387;UD1200;1.5
Ring For The Escape Hatch;2010387;UD1200;8.5
Ring For The Escape Hatch;2010387;UD1200;1.2
Ring For The Escape Hatch;2010387;UD1200;8.4
Ring For The Escape Hatch;2010387;UD1200;1.4
Ring For The Escape Hatch;2010387;UD1200;8.2